,date,fipscode,county,state,effective_concentration_rolling_average,MEAN_of_inpatient_beds_used_covid_7_day_avg,MEAN_of_total_beds_7_day_avg,Perc_used_covid_over_pop,MEAN_of_pop_2019,mean_household_income_2019,poverty_2019
3,2021-01-08,51179,Stafford County,VA,1353.4475195949428,20.9,144.0,0.0142396762,146773.0,127009,4.4
10,2021-01-08,36059,Nassau County,NY,1010.194580876812,74.5,432.125,0.0054920388,1356509.0,152785,5.6
35,2021-01-15,51179,Stafford County,VA,1651.9241447658578,17.6,144.0,0.0119913063,146773.0,127009,4.4
36,2021-01-15,36059,Nassau County,NY,1314.812268640088,80.75,432.3,0.0059527803,1356509.0,152785,5.6
37,2021-01-15,42091,Montgomery County,PA,440.455298001924,40.5777777777777,227.269999999999,0.0049255456,823823.0,125928,5.9
53,2021-01-22,51179,Stafford County,VA,1042.4484178644043,16.0,144.0,0.0109011875,146773.0,127009,4.4
56,2021-01-22,36059,Nassau County,NY,810.6284583496359,84.075,432.6375,0.0061978947,1356509.0,152785,5.6
76,2021-01-29,51179,Stafford County,VA,778.9451492999825,19.3,144.0,0.0131495575,146773.0,127009,4.4
79,2021-01-29,42091,Montgomery County,PA,256.71230343040145,31.3111111111111,230.459999999999,0.0038007085,823823.0,125928,5.9
104,2021-02-05,51179,Stafford County,VA,664.485743501678,15.4,144.0,0.010492393,146773.0,127009,4.4
107,2021-02-05,36059,Nassau County,NY,792.5516553045568,78.5125,432.6125,0.0057878348,1356509.0,152785,5.6
125,2021-02-12,51179,Stafford County,VA,381.6218004966882,13.4,144.0,0.0091297446,146773.0,127009,4.4
127,2021-02-12,42091,Montgomery County,PA,122.90417647686706,27.7555555555555,230.469999999999,0.0033691164,823823.0,125928,5.9
142,2021-02-12,36059,Nassau County,NY,393.5522069245917,75.7749999999999,433.2625,0.00558603,1356509.0,152785,5.6
155,2021-02-19,51179,Stafford County,VA,209.29917164033264,10.9,144.0,0.007426434,146773.0,127009,4.4
160,2021-02-19,36059,Nassau County,NY,328.6895988131532,65.6,433.3875,0.0048359429,1356509.0,152785,5.6
168,2021-02-26,42091,Montgomery County,PA,54.416468525795295,17.7,231.209999999999,0.0021485198,823823.0,125928,5.9
169,2021-02-26,36059,Nassau County,NY,347.8481433272612,60.4875,432.05,0.0044590563,1356509.0,152785,5.6
183,2021-02-26,51179,Stafford County,VA,216.6600836147085,9.7,144.0,0.006608845,146773.0,127009,4.4
192,2021-03-05,51179,Stafford County,VA,223.6443932180945,8.3,144.0,0.005654991,146773.0,127009,4.4
193,2021-03-05,36059,Nassau County,NY,302.44302988718937,51.0374999999999,428.4625,0.0037624151,1356509.0,152785,5.6
216,2021-03-12,42091,Montgomery County,PA,28.4821048755128,13.4444444444444,232.01,0.0016319579,823823.0,125928,5.9
218,2021-03-12,51179,Stafford County,VA,228.7104054295328,8.9,144.0,0.0060637856,146773.0,127009,4.4
224,2021-03-12,36059,Nassau County,NY,345.67827589637244,49.9,428.9125,0.0036785602,1356509.0,152785,5.6
233,2021-03-19,51179,Stafford County,VA,261.67145790107503,9.3,144.0,0.0063363153,146773.0,127009,4.4
237,2021-03-19,36059,Nassau County,NY,494.53394219802107,46.825,429.325,0.0034518754,1356509.0,152785,5.6
260,2021-03-26,36059,Nassau County,NY,496.7259506043322,45.3625,428.95,0.0033440619,1356509.0,152785,5.6
263,2021-03-26,51179,Stafford County,VA,303.1096109251844,6.1,144.0,0.0041560778,146773.0,127009,4.4
267,2021-03-26,42091,Montgomery County,PA,46.11451102645739,16.6,232.369999999999,0.0020149959,823823.0,125928,5.9
283,2021-04-02,36059,Nassau County,NY,192.1283953111256,44.525,428.575,0.0032823225,1356509.0,152785,5.6
288,2021-04-02,51179,Stafford County,VA,205.9954310774915,6.3,144.0,0.0042923426,146773.0,127009,4.4
295,2021-04-09,36059,Nassau County,NY,90.9077403802074,43.8499999999999,427.9125,0.0032325624,1356509.0,152785,5.6
308,2021-04-09,51179,Stafford County,VA,265.81723653305585,6.6,144.0,0.0044967399,146773.0,127009,4.4
309,2021-04-09,42091,Montgomery County,PA,66.92572662404224,26.775,229.959999999999,0.0032500913,823823.0,125928,5.9
320,2021-04-16,51179,Stafford County,VA,365.6049798536092,7.7,144.0,0.0052461965,146773.0,127009,4.4
333,2021-04-23,36059,Nassau County,NY,44.85165485031314,34.4,427.8375,0.0025359213,1356509.0,152785,5.6
348,2021-04-23,42091,Montgomery County,PA,50.78658831102866,26.7444444444444,225.829999999999,0.0032463823,823823.0,125928,5.9
349,2021-04-23,51179,Stafford County,VA,345.17975956467063,8.0,144.0,0.0054505938,146773.0,127009,4.4
358,2021-04-30,18057,Hamilton County,IN,137.52191737740918,4.33333333333333,118.34,0.0013411035,323117.0,131790,4.6
372,2021-04-30,51179,Stafford County,VA,177.27698885262984,6.7,144.0,0.0045648723,146773.0,127009,4.4
381,2021-05-07,18057,Hamilton County,IN,83.14673032747234,6.2,123.08,0.0019188096,323117.0,131790,4.6
383,2021-05-07,51179,Stafford County,VA,114.4407491287482,5.4,144.0,0.0036791508,146773.0,127009,4.4
395,2021-05-07,36059,Nassau County,NY,42.42386985048936,23.8875,427.2625,0.001760954,1356509.0,152785,5.6
409,2021-05-14,18057,Hamilton County,IN,53.87041192838509,8.5,115.259999999999,0.0026306261,323117.0,131790,4.6
410,2021-05-14,51179,Stafford County,VA,53.86585214309248,6.9,144.0,0.0047011371,146773.0,127009,4.4
414,2021-05-14,42091,Montgomery County,PA,35.37032845410228,19.3777777777777,229.35,0.0023521773,823823.0,125928,5.9
419,2021-05-21,36059,Nassau County,NY,15.757725329454413,15.3624999999999,423.8875,0.0011325026,1356509.0,152785,5.6
434,2021-05-21,51179,Stafford County,VA,48.796909279759376,,144.0,,146773.0,127009,4.4
439,2021-05-21,18057,Hamilton County,IN,26.68136533261844,8.25,114.66,0.0025532547,323117.0,131790,4.6
451,2021-05-28,51179,Stafford County,VA,34.53856548082988,,144.0,,146773.0,127009,4.4
457,2021-05-28,18057,Hamilton County,IN,21.582510233206687,4.86666666666666,115.58,0.0015061624,323117.0,131790,4.6
458,2021-05-28,42091,Montgomery County,PA,9.476935562303414,11.48,233.609999999999,0.0013935032,823823.0,125928,5.9
471,2021-06-04,18057,Hamilton County,IN,21.444308418628776,5.9,118.96,0.001825964,323117.0,131790,4.6
472,2021-06-04,51179,Stafford County,VA,48.36053718823456,4.6,144.0,0.0031340914,146773.0,127009,4.4
479,2021-06-04,36059,Nassau County,NY,1.6936337379732282,11.6142857142857,424.075,0.0008561894,1356509.0,152785,5.6
510,2021-06-11,27037,Dakota County,MN,24.051613306471168,2.8,104.866666666666,0.0006643683,421453.0,106727,6.0
513,2021-06-11,51107,Loudoun County,VA,27.15104721075402,4.45,143.0,0.0011262002,395134.0,167684,3.4
528,2021-06-11,51179,Stafford County,VA,64.79504881067659,,144.0,,146773.0,127009,4.4
530,2021-06-11,42091,Montgomery County,PA,1.5217296184869298,7.1,223.63,0.0008618356,823823.0,125928,5.9
541,2021-06-11,18057,Hamilton County,IN,10.593051183358336,8.7,113.4,0.0026925231,323117.0,131790,4.6
547,2021-06-18,27037,Dakota County,MN,22.72012678061175,0.0,104.666666666666,,421453.0,106727,6.0
557,2021-06-18,36059,Nassau County,NY,0.0,10.5599999999999,424.4125,0.0007784688,1356509.0,152785,5.6
562,2021-06-18,20091,Johnson County,KS,101.63951760225248,0.733333333333333,152.4,0.0001239773,591506.0,118415,5.4
564,2021-06-18,42029,Chester County,PA,1.147924758002975,8.4,196.579999999999,0.0016167526,519560.0,135669,6.4
577,2021-06-18,33013,Merrimack County,NH,5.1935813563861055,0.0,111.0,,149917.0,94698,6.5
591,2021-06-18,18057,Hamilton County,IN,9.481124213583255,7.0,115.2,0.0021663979,323117.0,131790,4.6
597,2021-06-18,51107,Loudoun County,VA,87.74341072101755,7.6,143.0,0.0019233981,395134.0,167684,3.4
610,2021-06-18,51179,Stafford County,VA,39.05820783431269,,144.0,,146773.0,127009,4.4
626,2021-06-25,20091,Johnson County,KS,140.55112633732924,1.42857142857142,152.4,0.0002415143,591506.0,118415,5.4
629,2021-06-25,42029,Chester County,PA,7.146426254743137,8.73333333333333,196.6,0.0016809095,519560.0,135669,6.4
635,2021-06-25,49011,Davis County,UT,160.76851694897593,3.86666666666666,96.5,0.0011182868,345767.0,99935,5.4
636,2021-06-25,33013,Merrimack County,NH,38.2153529016867,0.0,111.0,,149917.0,94698,6.5
641,2021-06-25,42091,Montgomery County,PA,0.3084316229966182,5.36,222.979999999999,0.0006506252,823823.0,125928,5.9
644,2021-06-25,27037,Dakota County,MN,15.48534912552906,0.0,103.766666666666,,421453.0,106727,6.0
650,2021-06-25,51013,Arlington County,VA,9.877221675797855,,483.0,,233464.0,154331,6.8
652,2021-06-25,51107,Loudoun County,VA,23.73295316444469,4.65,143.0,0.001176816,395134.0,167684,3.4
681,2021-06-25,18057,Hamilton County,IN,6.876699013067493,5.6,115.08,0.0017331183,323117.0,131790,4.6
686,2021-06-25,51179,Stafford County,VA,49.62710649779282,,144.0,,146773.0,127009,4.4
696,2021-07-02,33013,Merrimack County,NH,161.02005550921072,0.0,111.0,,149917.0,94698,6.5
697,2021-07-02,42029,Chester County,PA,14.23664554393536,8.26666666666666,196.6,0.0015910899,519560.0,135669,6.4
707,2021-07-02,18057,Hamilton County,IN,10.219247612186214,4.3,115.259999999999,0.0013307873,323117.0,131790,4.6
719,2021-07-02,51107,Loudoun County,VA,18.334214992145235,3.0,143.0,0.0007592361,395134.0,167684,3.4
723,2021-07-02,20091,Johnson County,KS,72.1283296980771,2.35714285714285,152.4,0.0003984986,591506.0,118415,5.4
743,2021-07-02,49011,Davis County,UT,182.82251138650489,3.33333333333333,96.5,0.0009640403,345767.0,99935,5.4
753,2021-07-02,27037,Dakota County,MN,37.75727162641962,0.0,107.666666666666,,421453.0,106727,6.0
756,2021-07-02,51013,Arlington County,VA,10.153399174879777,,483.0,,233464.0,154331,6.8
762,2021-07-02,51179,Stafford County,VA,66.60044341515878,,144.0,,146773.0,127009,4.4
779,2021-07-09,27037,Dakota County,MN,49.9788593938487,2.3,100.0,0.0005457311,421453.0,106727,6.0
785,2021-07-09,51013,Arlington County,VA,15.951830179523524,,483.0,,233464.0,154331,6.8
790,2021-07-09,42029,Chester County,PA,4.494152049884149,9.39999999999999,196.6,0.0018092232,519560.0,135669,6.4
799,2021-07-09,49011,Davis County,UT,203.3945705990656,4.35,96.5,0.0012580726,345767.0,99935,5.4
805,2021-07-09,18057,Hamilton County,IN,10.679730410513066,,114.6,,323117.0,131790,4.6
807,2021-07-09,20091,Johnson County,KS,95.3151900069018,2.04285714285714,152.4,0.0003453654,591506.0,118415,5.4
826,2021-07-09,33013,Merrimack County,NH,317.1136445404652,0.0,111.0,,149917.0,94698,6.5
833,2021-07-09,51107,Loudoun County,VA,69.19082433004866,2.65,143.0,0.0006706586,395134.0,167684,3.4
857,2021-07-16,49011,Davis County,UT,202.13729265343875,4.7,96.5,0.0013592969,345767.0,99935,5.4
868,2021-07-16,42091,Montgomery County,PA,36.77268928017987,2.94,225.779999999999,0.0003568728,823823.0,125928,5.9
883,2021-07-16,20091,Johnson County,KS,200.30087360891525,5.08888888888888,152.4,0.0008603275,591506.0,118415,5.4
900,2021-07-16,18057,Hamilton County,IN,16.688763487341404,,114.96,,323117.0,131790,4.6
909,2021-07-16,33013,Merrimack County,NH,144.39716108698957,0.0,111.0,,149917.0,94698,6.5
911,2021-07-16,42029,Chester County,PA,8.569475596095677,5.8,196.6,0.0011163292,519560.0,135669,6.4
914,2021-07-16,51013,Arlington County,VA,18.51968361529256,,483.0,,233464.0,154331,6.8
917,2021-07-16,27037,Dakota County,MN,64.15641056033883,3.0,104.666666666666,0.0007118231,421453.0,106727,6.0
929,2021-07-16,51107,Loudoun County,VA,42.76021694509837,2.95,143.0,0.0007465822,395134.0,167684,3.4
947,2021-07-23,51107,Loudoun County,VA,58.64178122174263,3.95,143.0,0.0009996609,395134.0,167684,3.4
967,2021-07-23,18057,Hamilton County,IN,34.188699508933155,4.9,114.84,0.0015164786,323117.0,131790,4.6
975,2021-07-23,36059,Nassau County,NY,26.226637007346547,10.6,424.425,0.0007814176,1356509.0,152785,5.6
976,2021-07-23,20091,Johnson County,KS,412.3014504956741,8.11111111111111,152.4,0.0013712644,591506.0,118415,5.4
981,2021-07-23,33013,Merrimack County,NH,233.85168887442524,0.0,112.899999999999,,149917.0,94698,6.5
982,2021-07-23,49011,Davis County,UT,304.6998559799432,7.0,96.5,0.0020244847,345767.0,99935,5.4
995,2021-07-23,51013,Arlington County,VA,63.57423861716263,6.0,483.0,0.0025699894,233464.0,154331,6.8
1002,2021-07-23,27037,Dakota County,MN,78.44618575805085,2.7,106.066666666666,0.0006406408,421453.0,106727,6.0
1005,2021-07-23,42029,Chester County,PA,364.0191925441261,7.16666666666666,196.6,0.0013793723,519560.0,135669,6.4
1022,2021-07-30,18057,Hamilton County,IN,47.08093690037035,4.65,123.82,0.0014391072,323117.0,131790,4.6
1027,2021-07-30,51013,Arlington County,VA,91.06943516903816,7.9,483.0,0.0033838193,233464.0,154331,6.8
1028,2021-07-30,27037,Dakota County,MN,130.33636467712176,10.1,106.4,0.0023964713,421453.0,106727,6.0
1034,2021-07-30,49011,Davis County,UT,431.161278760658,5.66666666666666,96.5,0.0016388686,345767.0,99935,5.4
1068,2021-07-30,42091,Montgomery County,PA,149.27626906163036,3.43333333333333,226.539999999999,0.0004167562,823823.0,125928,5.9
1078,2021-07-30,51107,Loudoun County,VA,102.98237068478836,5.5,143.0,0.0013919329,395134.0,167684,3.4
1081,2021-07-30,42029,Chester County,PA,1408.5583184071436,6.56666666666666,196.6,0.00126389,519560.0,135669,6.4
1083,2021-07-30,20091,Johnson County,KS,428.7271008392427,8.57777777777777,152.4,0.001450159,591506.0,118415,5.4
1084,2021-07-30,33013,Merrimack County,NH,97.71655344626964,0.0,113.666666666666,,149917.0,94698,6.5
1108,2021-08-06,42029,Chester County,PA,429.32718892567664,8.86666666666666,196.6,0.0017065722,519560.0,135669,6.4
1110,2021-08-06,20091,Johnson County,KS,417.1007743887567,9.28888888888888,152.4,0.0015703795,591506.0,118415,5.4
1123,2021-08-06,33013,Merrimack County,NH,139.47450810994152,2.5,113.666666666666,0.0016675894,149917.0,94698,6.5
1125,2021-08-06,49011,Davis County,UT,392.3337761297232,6.19999999999999,96.5,0.001793115,345767.0,99935,5.4
1137,2021-08-06,51013,Arlington County,VA,148.8848941927037,9.1,483.0,0.0038978172,233464.0,154331,6.8
1148,2021-08-06,51107,Loudoun County,VA,354.9861647555084,4.65,143.0,0.001176816,395134.0,167684,3.4
1172,2021-08-06,27037,Dakota County,MN,166.7364872467763,9.7,108.633333333333,0.0023015615,421453.0,106727,6.0
1173,2021-08-06,18057,Hamilton County,IN,94.02994035510108,7.63333333333333,115.319999999999,0.0023624054,323117.0,131790,4.6
1195,2021-08-13,18057,Hamilton County,IN,164.12816303763296,8.43333333333333,115.219999999999,0.0026099937,323117.0,131790,4.6
1200,2021-08-13,33013,Merrimack County,NH,368.42849343150993,1.53333333333333,113.666666666666,0.0010227882,149917.0,94698,6.5
1204,2021-08-13,51107,Loudoun County,VA,484.0286467029875,14.6,143.0,0.0036949491,395134.0,167684,3.4
1214,2021-08-13,51013,Arlington County,VA,206.60955439416463,19.4,483.0,0.0083096323,233464.0,154331,6.8
1217,2021-08-13,42029,Chester County,PA,137.75903293292745,9.575,196.6,0.0018429055,519560.0,135669,6.4
1222,2021-08-13,42091,Montgomery County,PA,218.0319926657065,6.88,224.28,0.0008351308,823823.0,125928,5.9
1229,2021-08-13,36059,Nassau County,NY,63.64210176099134,17.3,425.2875,0.0012753325,1356509.0,152785,5.6
1231,2021-08-13,20091,Johnson County,KS,490.8492378710668,12.49,152.4,0.0021115593,591506.0,118415,5.4
1252,2021-08-13,49011,Davis County,UT,262.859720560838,6.33333333333333,96.5,0.0018316766,345767.0,99935,5.4
1257,2021-08-13,27037,Dakota County,MN,212.0307507096733,14.9,108.7,0.0035353883,421453.0,106727,6.0
1268,2021-08-20,18057,Hamilton County,IN,239.163891565566,9.675,115.8,0.0029942714,323117.0,131790,4.6
1274,2021-08-20,33013,Merrimack County,NH,317.2602197786172,2.69999999999999,113.2,0.0018009966,149917.0,94698,6.5
1307,2021-08-20,49011,Davis County,UT,285.2792138535086,4.65,96.5,0.0013448363,345767.0,99935,5.4
1325,2021-08-20,51013,Arlington County,VA,168.2254155164644,17.7,483.0,0.0075814687,233464.0,154331,6.8
1326,2021-08-20,27037,Dakota County,MN,259.6203780124635,15.1,108.533333333333,0.0035828432,421453.0,106727,6.0
1333,2021-08-20,42091,Montgomery County,PA,189.1834080694608,9.34444444444444,222.279999999999,0.0011342782,823823.0,125928,5.9
1338,2021-08-20,20091,Johnson County,KS,383.30402718163896,13.64,152.49,0.0023059783,591506.0,118415,5.4
1340,2021-08-20,42029,Chester County,PA,211.976992481428,10.725,196.6,0.0020642467,519560.0,135669,6.4
1359,2021-08-27,18057,Hamilton County,IN,373.87286098948033,13.7499999999999,114.88,0.0042554245,323117.0,131790,4.6
1368,2021-08-27,36059,Nassau County,NY,94.2341924897556,23.6125,424.0375,0.0017406814,1356509.0,152785,5.6
1370,2021-08-27,42091,Montgomery County,PA,310.46396582522993,11.5777777777777,222.99,0.001405372,823823.0,125928,5.9
1391,2021-09-03,18057,Hamilton County,IN,468.0932459333658,15.15,114.02,0.0046887041,323117.0,131790,4.6
1392,2021-09-03,42091,Montgomery County,PA,377.6450116699357,16.275,228.16,0.0019755457,823823.0,125928,5.9
1411,2021-09-10,42091,Montgomery County,PA,138.50133683355952,16.425,226.7,0.0019937535,823823.0,125928,5.9
1419,2021-09-10,18057,Hamilton County,IN,417.1402178687821,20.7,113.38,0.0064063482,323117.0,131790,4.6
1435,2021-09-17,18057,Hamilton County,IN,307.7729106100803,20.0333333333333,114.02,0.0062000246,323117.0,131790,4.6
1450,2021-09-17,42091,Montgomery County,PA,50.41569230412714,15.5777777777777,225.23,0.0018909132,823823.0,125928,5.9
1464,2021-09-24,36059,Nassau County,NY,860.0749794811443,22.9,423.2625,0.0016881569,1356509.0,152785,5.6
1473,2021-09-24,42091,Montgomery County,PA,84.1896477010979,12.94,220.93,0.0015707258,823823.0,125928,5.9
1491,2021-09-24,18057,Hamilton County,IN,262.4161177923706,19.5333333333333,112.0,0.0060452818,323117.0,131790,4.6
1510,2021-10-01,18057,Hamilton County,IN,268.2389750083098,17.9666666666666,113.24,0.0055604214,323117.0,131790,4.6
1533,2021-10-08,42091,Montgomery County,PA,131.858332540324,13.6777777777777,224.5,0.0016602811,823823.0,125928,5.9
1545,2021-10-08,36059,Nassau County,NY,252.79792936051365,19.7,425.25,0.0014522572,1356509.0,152785,5.6
1551,2021-10-08,18057,Hamilton County,IN,435.9432694828411,13.0666666666666,113.62,0.0040439428,323117.0,131790,4.6
1564,2021-10-15,18057,Hamilton County,IN,273.8377748343792,13.4,114.8,0.0041471046,323117.0,131790,4.6
1580,2021-10-22,36059,Nassau County,NY,65.4324589624168,16.9,427.25,0.001245845,1356509.0,152785,5.6
1588,2021-10-22,42091,Montgomery County,PA,152.78420860955754,13.8111111111111,220.44,0.0016764658,823823.0,125928,5.9
1594,2021-10-22,18057,Hamilton County,IN,175.78059385674098,12.0666666666666,113.28,0.0037344574,323117.0,131790,4.6
1611,2021-10-29,18057,Hamilton County,IN,165.23572058442076,12.2999999999999,115.12,0.0038066706,323117.0,131790,4.6
1640,2021-11-05,18057,Hamilton County,IN,191.7112571453408,9.96666666666666,114.419999999999,0.003084538,323117.0,131790,4.6
1659,2021-11-05,42091,Montgomery County,PA,156.15243973429872,12.66,218.76,0.0015367379,823823.0,125928,5.9
1678,2021-11-12,18057,Hamilton County,IN,232.53586939842808,9.5,115.0,0.0029401115,323117.0,131790,4.6
1704,2021-11-19,18057,Hamilton County,IN,385.2359788376463,9.93333333333333,113.66,0.0030742218,323117.0,131790,4.6
1714,2021-11-19,36059,Nassau County,NY,366.9751707238652,13.3999999999999,427.5125,0.0009878298,1356509.0,152785,5.6
1715,2021-11-19,42091,Montgomery County,PA,308.66543283562453,13.1666666666666,220.8,0.0015982398,823823.0,125928,5.9
1738,2021-11-26,18057,Hamilton County,IN,698.3811110847806,13.9,113.82,0.0043018473,323117.0,131790,4.6
1748,2021-12-03,18057,Hamilton County,IN,786.376126297465,17.5,113.6,0.0054159948,323117.0,131790,4.6
1752,2021-12-03,36059,Nassau County,NY,692.8577649805387,20.975,427.8625,0.0015462485,1356509.0,152785,5.6
1754,2021-12-03,42091,Montgomery County,PA,553.6152539155353,15.88,222.869999999999,0.0019275985,823823.0,125928,5.9
1780,2021-12-10,42091,Montgomery County,PA,395.7989860970568,19.74,223.91,0.0023961458,823823.0,125928,5.9
1781,2021-12-10,18057,Hamilton County,IN,1131.9258931829097,16.75,114.88,0.0051838808,323117.0,131790,4.6
1809,2021-12-17,42091,Montgomery County,PA,759.9304543251761,21.12,219.76,0.0025636575,823823.0,125928,5.9
1811,2021-12-17,36059,Nassau County,NY,1535.2261820247477,29.15,425.6125,0.0021488984,1356509.0,152785,5.6
1822,2021-12-17,18057,Hamilton County,IN,1198.4905165630803,21.6666666666666,111.22,0.0067055174,323117.0,131790,4.6
1828,2021-12-24,18057,Hamilton County,IN,1600.1364498853748,25.1666666666666,101.059999999999,0.0077887164,323117.0,131790,4.6
1830,2021-12-24,42091,Montgomery County,PA,1148.8531032610947,27.5777777777777,231.229999999999,0.0033475368,823823.0,125928,5.9
1852,2021-12-31,36059,Nassau County,NY,4191.523753867689,57.7375,416.25,0.00425633,1356509.0,152785,5.6
1853,2021-12-31,42091,Montgomery County,PA,3057.424129405428,32.9222222222222,233.369999999999,0.0039962737,823823.0,125928,5.9
1871,2021-12-31,18057,Hamilton County,IN,3204.6828328928823,27.4333333333333,97.52,0.0084902167,323117.0,131790,4.6
1883,2022-01-07,18057,Hamilton County,IN,3083.4256873259765,27.7666666666666,95.4199999999999,0.0085933785,323117.0,131790,4.6
1895,2022-01-07,42091,Montgomery County,PA,3177.372309299222,49.1111111111111,236.1,0.0059613668,823823.0,125928,5.9
1917,2022-01-14,42091,Montgomery County,PA,1359.4125258174547,55.0299999999999,253.266666666666,0.0066798329,823823.0,125928,5.9
1920,2022-01-14,36059,Nassau County,NY,2341.2669201529507,117.625,414.4125,0.0086711551,1356509.0,152785,5.6
1929,2022-01-14,18057,Hamilton County,IN,2379.837755831542,31.3666666666666,96.34,0.009707526,323117.0,131790,4.6
1936,2022-01-21,18057,Hamilton County,IN,1500.528540289992,24.475,96.8,0.0075746556,323117.0,131790,4.6
1945,2022-01-21,42091,Montgomery County,PA,1527.9985824618595,53.1,215.899999999999,0.0064455593,823823.0,125928,5.9
1968,2022-01-28,18057,Hamilton County,IN,1025.4009995258557,17.02,91.72,0.0052674418,323117.0,131790,4.6
1983,2022-01-28,27037,Dakota County,MN,1136.300036629919,24.95,94.6,0.0059199958,421453.0,106727,6.0
2001,2022-01-28,42091,Montgomery County,PA,698.7236417359978,39.58,217.3,0.0048044301,823823.0,125928,5.9
2034,2022-02-04,49011,Davis County,UT,1619.633485834751,7.07499999999999,114.333333333333,0.0020461756,345767.0,99935,5.4
2038,2022-02-04,51013,Arlington County,VA,349.8905642729997,64.6,0.0,0.027670219,233464.0,154331,6.8
2045,2022-02-04,18057,Hamilton County,IN,831.4616900106015,19.0333333333333,95.58,0.0058905391,323117.0,131790,4.6
2055,2022-02-04,36059,Nassau County,NY,368.2343997179935,59.3249999999999,426.88,0.0043733584,1356509.0,152785,5.6
2058,2022-02-04,42029,Chester County,PA,830.4614278463084,27.875,181.65,0.0053651166,519560.0,135669,6.4
2062,2022-02-04,42091,Montgomery County,PA,356.763060000394,27.7099999999999,236.2875,0.0033635866,823823.0,125928,5.9
2070,2022-02-04,51107,Loudoun County,VA,360.1401458356478,21.8,145.0,0.0055171157,395134.0,167684,3.4
2090,2022-02-04,27037,Dakota County,MN,585.494999998682,17.2,91.7333333333333,0.0040811194,421453.0,106727,6.0
2092,2022-02-04,51179,Stafford County,VA,1100.3436555688847,17.9,,0.0121957036,146773.0,127009,4.4
2118,2022-02-11,42029,Chester County,PA,298.73727276734604,26.6666666666666,279.3,0.0051325481,519560.0,135669,6.4
2121,2022-02-11,42091,Montgomery County,PA,242.4957307956089,19.6666666666666,186.175,0.0023872442,823823.0,125928,5.9
2125,2022-02-11,20091,Johnson County,KS,617.4508528224903,14.9888888888888,149.5,0.0025340214,591506.0,118415,5.4
2131,2022-02-11,33013,Merrimack County,NH,1440.0971919457384,10.55,32.0,0.0070372273,149917.0,94698,6.5
2135,2022-02-11,18057,Hamilton County,IN,350.89618476155147,14.6,96.12,0.0045184871,323117.0,131790,4.6
2137,2022-02-11,51013,Arlington County,VA,162.32194977566044,52.0,,0.0222732413,233464.0,154331,6.8
2147,2022-02-11,51179,Stafford County,VA,720.0798252617523,14.3,,0.0097429364,146773.0,127009,4.4
2151,2022-02-11,49011,Davis County,UT,871.3714393845042,7.53333333333333,114.333333333333,0.0021787311,345767.0,99935,5.4
2165,2022-02-11,27037,Dakota County,MN,328.2194315202582,14.5,,0.0034404785,421453.0,106727,6.0
2178,2022-02-11,51107,Loudoun County,VA,227.1437041545372,19.15,145.0,0.0048464572,395134.0,167684,3.4
2190,2022-02-18,18057,Hamilton County,IN,194.4311508058421,12.3666666666666,95.08,0.003827303,323117.0,131790,4.6
2191,2022-02-18,27037,Dakota County,MN,205.968322364993,12.4,,0.0029422023,421453.0,106727,6.0
2200,2022-02-18,33013,Merrimack County,NH,612.2248565903018,6.45,32.0,0.0043023807,149917.0,94698,6.5
2213,2022-02-18,51179,Stafford County,VA,347.19483662367526,4.4,,0.0029978266,146773.0,127009,4.4
2219,2022-02-18,49011,Davis County,UT,401.5227144194008,5.5,114.333333333333,0.0015906665,345767.0,99935,5.4
2233,2022-02-18,51013,Arlington County,VA,147.45973890239986,33.6,0.0,0.0143919405,233464.0,154331,6.8
2243,2022-02-18,42091,Montgomery County,PA,108.67361109085986,12.5222222222222,238.033333333333,0.0015200137,823823.0,125928,5.9
2255,2022-02-18,20091,Johnson County,KS,351.28216580754673,10.7888888888888,198.9,0.0018239695,591506.0,118415,5.4
2263,2022-02-18,51107,Loudoun County,VA,173.25161328350342,18.1,145.0,0.0045807245,395134.0,167684,3.4
2265,2022-02-18,42029,Chester County,PA,163.4647949813736,19.4333333333333,297.0,0.0037403444,519560.0,135669,6.4
2286,2022-02-25,51179,Stafford County,VA,220.5480177609301,4.3,,0.0029296942,146773.0,127009,4.4
2288,2022-02-25,20091,Johnson County,KS,238.46136762147023,8.32222222222222,199.333333333333,0.0014069548,591506.0,118415,5.4
2303,2022-02-25,27037,Dakota County,MN,164.31576644993157,7.4,,0.0017558304,421453.0,106727,6.0
2305,2022-02-25,42029,Chester County,PA,93.49734670386526,14.2333333333333,297.0,0.0027394975,519560.0,135669,6.4
2318,2022-02-25,42091,Montgomery County,PA,72.11137628023343,8.45999999999999,237.766666666666,0.0010269196,823823.0,125928,5.9
2330,2022-02-25,51107,Loudoun County,VA,88.83979863243974,11.2999999999999,145.0,0.0028597893,395134.0,167684,3.4
2331,2022-02-25,33013,Merrimack County,NH,626.9342982691767,3.55,32.0,0.0023679769,149917.0,94698,6.5
2352,2022-02-25,18057,Hamilton County,IN,145.01682553744368,8.4,95.96,0.0025996775,323117.0,131790,4.6
2353,2022-02-25,51013,Arlington County,VA,121.86540626388437,38.4,,0.016447932,233464.0,154331,6.8
2374,2022-02-25,49011,Davis County,UT,173.4698505836673,5.65,114.333333333333,0.0016340484,345767.0,99935,5.4
2396,2022-03-04,42091,Montgomery County,PA,51.76560318644607,7.35555555555555,238.666666666666,0.0008928563,823823.0,125928,5.9
2403,2022-03-04,42029,Chester County,PA,59.7457240522291,13.6333333333333,253.0,0.0026240152,519560.0,135669,6.4
2412,2022-03-04,51107,Loudoun County,VA,42.27169582275696,7.45,145.0,0.0018854363,395134.0,167684,3.4
2416,2022-03-04,20091,Johnson County,KS,133.56098561840335,5.79,199.333333333333,0.0009788574,591506.0,118415,5.4
2418,2022-03-04,33013,Merrimack County,NH,228.7276401400272,0.0,31.0,,149917.0,94698,6.5
2429,2022-03-04,49011,Davis County,UT,91.99585663758693,4.3,114.333333333333,0.001243612,345767.0,99935,5.4
2433,2022-03-04,51179,Stafford County,VA,146.6308231892265,,,,146773.0,127009,4.4
2456,2022-03-04,27037,Dakota County,MN,108.72660518649472,8.0,,0.0018981951,421453.0,106727,6.0
2459,2022-03-04,51013,Arlington County,VA,86.55675139197807,14.9,0.0,0.0063821403,233464.0,154331,6.8
2468,2022-03-04,18057,Hamilton County,IN,102.0209331377684,6.6,93.2,0.0020426038,323117.0,131790,4.6
2487,2022-03-11,49011,Davis County,UT,70.46347617161142,3.35,114.333333333333,0.0009688605,345767.0,99935,5.4
2506,2022-03-11,36059,Nassau County,NY,34.13788917434895,22.5999999999999,438.975,0.0016660413,1356509.0,152785,5.6
2524,2022-03-11,51179,Stafford County,VA,112.06939765474635,,,,146773.0,127009,4.4
2527,2022-03-11,27037,Dakota County,MN,101.2243262281173,4.7,,0.0011151896,421453.0,106727,6.0
2538,2022-03-11,18057,Hamilton County,IN,96.5329998641087,4.1,93.02,0.0012688902,323117.0,131790,4.6
2559,2022-03-11,33013,Merrimack County,NH,90.69596186286732,0.0,27.5,,149917.0,94698,6.5
2564,2022-03-11,42029,Chester County,PA,76.61770424213726,11.95,253.0,0.0023000231,519560.0,135669,6.4
2567,2022-03-11,51107,Loudoun County,VA,60.119739482891646,8.1,145.0,0.0020499375,395134.0,167684,3.4
2568,2022-03-11,42091,Montgomery County,PA,67.10786518647271,6.7,236.333333333333,0.0008132815,823823.0,125928,5.9
2569,2022-03-11,20091,Johnson County,KS,105.3509969068538,4.05555555555555,149.5,0.0006856322,591506.0,118415,5.4
2574,2022-03-18,18057,Hamilton County,IN,104.55560220283668,6.5,95.9,0.0020116552,323117.0,131790,4.6
2575,2022-03-18,51013,Arlington County,VA,139.53694902565977,8.7,,0.0037264846,233464.0,154331,6.8
2580,2022-03-18,33013,Merrimack County,NH,62.173229101542574,0.0,30.0,,149917.0,94698,6.5
2583,2022-03-18,51107,Loudoun County,VA,122.6479859256348,,145.0,,395134.0,167684,3.4
2590,2022-03-18,42091,Montgomery County,PA,88.63200306144165,4.91428571428571,237.533333333333,0.000596522,823823.0,125928,5.9
2594,2022-03-18,49011,Davis County,UT,65.83594731326885,2.3,114.333333333333,0.0006651878,345767.0,99935,5.4
2619,2022-03-18,20091,Johnson County,KS,123.2648089424082,3.3125,199.333333333333,0.0005600112,591506.0,118415,5.4
2643,2022-03-18,27037,Dakota County,MN,126.79217723443564,3.7,,0.0008779152,421453.0,106727,6.0
2657,2022-03-18,42029,Chester County,PA,99.3168723578702,6.0,253.0,0.0011548233,519560.0,135669,6.4
2661,2022-03-18,51179,Stafford County,VA,132.54236976387924,,,,146773.0,127009,4.4
2684,2022-03-25,51107,Loudoun County,VA,134.2923612546185,4.9,145.0,0.0012400856,395134.0,167684,3.4
2707,2022-03-25,20091,Johnson County,KS,122.08320031861072,1.59999999999999,199.333333333333,0.000270496,591506.0,118415,5.4
2725,2022-03-25,51013,Arlington County,VA,147.3281903124666,8.6,,0.0036836514,233464.0,154331,6.8
2732,2022-03-25,51179,Stafford County,VA,85.59732011364169,,,,146773.0,127009,4.4
2737,2022-03-25,42029,Chester County,PA,174.23091565643395,8.85,253.0,0.0017033644,519560.0,135669,6.4
2739,2022-03-25,27037,Dakota County,MN,106.05970305927832,2.95,,0.0006999594,421453.0,106727,6.0
2741,2022-03-25,49011,Davis County,UT,86.48894936999899,1.76666666666666,114.333333333333,0.0005109414,345767.0,99935,5.4
2744,2022-03-25,18057,Hamilton County,IN,85.10063282050744,4.4,98.78,0.0013617358,323117.0,131790,4.6
2751,2022-03-25,42091,Montgomery County,PA,85.76381757577174,6.1,237.0,0.0007404503,823823.0,125928,5.9
2760,2022-03-25,33013,Merrimack County,NH,117.34135127962456,0.0,31.0,,149917.0,94698,6.5
2775,2022-04-01,27037,Dakota County,MN,132.666797961383,2.8,,0.0006643683,421453.0,106727,6.0
2782,2022-04-01,51107,Loudoun County,VA,95.2411276529566,6.1,145.0,0.0015437801,395134.0,167684,3.4
2801,2022-04-01,49011,Davis County,UT,217.1141117036058,0.0,114.333333333333,,345767.0,99935,5.4
2806,2022-04-01,51013,Arlington County,VA,122.88201689112616,10.1,,0.0043261488,233464.0,154331,6.8
2808,2022-04-01,18057,Hamilton County,IN,152.92866867111968,,99.76,,323117.0,131790,4.6
2810,2022-04-01,33013,Merrimack County,NH,315.8634296372235,0.0,,,149917.0,94698,6.5
2828,2022-04-01,51179,Stafford County,VA,77.69051186249418,,,,146773.0,127009,4.4
2857,2022-04-01,42091,Montgomery County,PA,169.24720243289136,5.1,236.433333333333,0.000619065,823823.0,125928,5.9
2861,2022-04-01,20091,Johnson County,KS,180.7823137704552,0.728571428571428,199.333333333333,0.0001231723,591506.0,118415,5.4
2862,2022-04-01,42029,Chester County,PA,315.7985307612616,7.45,253.0,0.0014339056,519560.0,135669,6.4
2874,2022-04-08,36059,Nassau County,NY,797.8701355410712,12.0833333333333,438.975,0.0008907669,1356509.0,152785,5.6
2897,2022-04-08,51107,Loudoun County,VA,148.52967231205983,7.3,145.0,0.0018474745,395134.0,167684,3.4
2903,2022-04-08,51179,Stafford County,VA,149.42042679564756,,,,146773.0,127009,4.4
2916,2022-04-08,18057,Hamilton County,IN,283.5503313080493,,101.06,,323117.0,131790,4.6
2917,2022-04-08,33013,Merrimack County,NH,256.9528265043393,0.0,,,149917.0,94698,6.5
